{"cameraMode":{"drawMode":0,"name":"Shaded","section":"Shading Mode"},"sceneLighting":false,"audioPlay":false,"sceneViewState":{"m_AlwaysRefresh":false,"showFog":true,"showSkybox":true,"showFlares":true,"showImageEffects":true,"showParticleSystems":true,"showVisualEffectGraphs":true,"m_FxEnabled":true},"in2DMode":false,"pivot":{"x":-0.2537652254104614,"y":3.0080549716949465,"z":-3.589705228805542},"rotation":{"x":-0.18108727037906648,"y":-0.014164297841489315,"z":0.0026086694560945036,"w":-0.9833677411079407},"size":1.3640738725662232,"orthographic":false}