{"cameraMode":{"drawMode":0,"name":"Shaded","section":"Shading Mode"},"sceneLighting":false,"audioPlay":false,"sceneViewState":{"m_AlwaysRefresh":false,"showFog":true,"showSkybox":true,"showFlares":true,"showImageEffects":true,"showParticleSystems":true,"showVisualEffectGraphs":true,"m_FxEnabled":true},"in2DMode":false,"pivot":{"x":391.8874206542969,"y":124.73477172851563,"z":245.8580322265625},"rotation":{"x":0.15536653995513917,"y":0.0050398544408380989,"z":-0.0007925123791210353,"w":0.9878472685813904},"size":405.0511169433594,"orthographic":false}